Node1,Node2,Weight
camaldule,grandis,0.2250041990698496
sinensis,clementin,0.3038345766086592
sinensis,raimondii,0.3812414990620274
vinifera,raimondii,0.3874403105419489
cacao,raimondii,0.4111519841152171
camaldule,vinifera,0.4220655071280008
rapa,lyrata,0.426837964612524
rapa,parvulum,0.427000315053199
rapa,rubella,0.4273384471809999
raimondii,papaya,0.4290447708628853
rapa,sinensis,0.4362186286546171
thalian,lyrata,0.4364037376627875
halophilu,grandis,0.4632827942047278
